Rang,X,Y,DA,Site,Yield
1,768405.645259215,6271802.29609327,0.205601722002029,1,699.695095618449
1,768408.21731678,6271806.5838106,0.222124099731445,2,461.745205084777
1,768410.789374345,6271810.87152793,0.233976274728775,3,825.762034498222
1,768413.36143191,6271815.15924526,0.198367387056351,4,469.274490836019
1,768415.933489474,6271819.44696258,0.236457668244839,5,959.039879286792
1,768418.505547039,6271823.73467991,0.237205550074577,6,565.965354643634
1,768421.077604604,6271828.02239724,0.23131451010704,7,706.585984084233
1,768423.649662168,6271832.31011457,0.218313910067081,8,730.363350867828
1,768426.221719733,6271836.59783189,0.238560914993286,9,1094.59095432509
1,768428.793777298,6271840.88554922,0.231754437088966,10,895.108254590241
1,768431.365834862,6271845.17326655,0.221237897872925,11,824.00646180605
1,768433.937892427,6271849.46098388,0.219740152359009,12,914.598193067642
1,768436.509949992,6271853.74870121,0.218509942293167,13,1060.40164518749
1,768439.082007556,6271858.03641853,0.208010524511337,14,902.812762301791
1,768441.654065121,6271862.32413586,0.237110003829002,15,546.550219811141
1,768444.226122686,6271866.61185319,0.18398804962635,16,933.959558634745
1,768446.79818025,6271870.89957052,0.196297258138657,17,717.955225390479
1,768449.370237815,6271875.18728785,0.13186976313591,18,598.662967475458
2,768407.541871993,6271801.05485736,0.232830375432968,19,770.006109738638
2,768410.126926874,6271805.3347512,0.239971131086349,20,753.280417319431
2,768412.711981754,6271809.61464504,0.261189237236977,21,977.355746122622
2,768415.297036635,6271813.89453888,0.260559469461441,22,1013.44381125542
2,768417.882091515,6271818.17443271,0.262211039662361,23,738.652491344168
2,768420.467146396,6271822.45432655,0.256617426872253,24,975.293614212521
2,768423.052201276,6271826.73422039,0.279841139912605,25,1054.14478226457
2,768425.637256157,6271831.01411423,0.250697858631611,26,878.945769169571
2,768428.222311038,6271835.29400807,0.254386723041534,27,907.341698942906
2,768430.807365918,6271839.5739019,0.275242179632187,28,969.438015104222
2,768433.392420799,6271843.85379574,0.279609888792038,29,1153.71782423564
2,768435.977475679,6271848.13368958,0.256614610552788,30,906.101982096106
2,768438.56253056,6271852.41358342,0.243730217218399,31,1231.65925162369
2,768441.14758544,6271856.69347726,0.254766196012497,32,1066.94389866072
2,768443.732640321,6271860.97337109,0.262849420309067,33,704.901402893282
2,768446.317695202,6271865.25326493,0.253758668899536,34,624.012672814143
2,768448.902750082,6271869.53315877,0.245541639626026,35,577.804322030205
2,768451.487804963,6271873.81305261,0.26667258143425,36,711.223783906584
3,768409.823938915,6271799.76873838,0.243115209043026,37,1153.40307694135
3,768412.406115183,6271804.05036957,0.256442964076996,38,969.122171655513
3,768414.98829145,6271808.33200077,0.271753624081612,39,1014.86768428005
3,768417.570467718,6271812.61363197,0.271942436695099,40,1244.59025856106
3,768420.152643985,6271816.89526317,0.256067335605621,41,824.397708093014
3,768422.734820253,6271821.17689437,0.275084286928177,42,722.29045297967
3,768425.31699652,6271825.45852557,0.268659263849258,43,692.570255409407
3,768427.899172788,6271829.74015677,0.26245242357254,44,834.0719586635
3,768430.481349055,6271834.02178797,0.263380944728851,45,1225.83265259959
3,768433.063525323,6271838.30341917,0.27532958984375,46,1323.65486288656
3,768435.64570159,6271842.58505036,0.279147237539291,47,537.292629051526
3,768438.227877858,6271846.86668156,0.261127024888992,48,479.212069763966
3,768440.810054125,6271851.14831276,0.258779928088188,49,1342.60799040581
3,768443.392230393,6271855.42994396,0.292705431580544,50,998.787513362475
3,768445.97440666,6271859.71157516,0.279680192470551,51,984.840551922576
3,768448.556582928,6271863.99320636,0.276106715202332,52,1351.19588232514
3,768451.138759195,6271868.27483756,0.251984030008316,53,991.624901973105
3,768453.720935463,6271872.55646876,0.269999742507935,54,1029.49412057102
4,768412.044425498,6271798.70727975,0.255964390933514,55,891.235425955075
4,768414.634143367,6271802.98435368,0.25955767929554,56,792.04846927206
4,768417.223861235,6271807.2614276,0.282063558697701,57,1069.56330608533
4,768419.813579104,6271811.53850153,0.257887929677963,58,711.325016259706
4,768422.403296972,6271815.81557546,0.266817450523376,59,793.338943629569
4,768424.993014841,6271820.09264938,0.276967450976372,60,1240.53331354358
4,768427.582732709,6271824.36972331,0.272659465670586,61,822.27650039799
4,768430.172450578,6271828.64679723,0.281386107206345,62,1156.46432335299
4,768432.762168446,6271832.92387116,0.285905420780182,63,876.77273927465
4,768435.351886315,6271837.20094508,0.272269263863564,64,975.413117104096
4,768437.941604183,6271841.47801901,0.279147237539291,65,1282.32663953479
4,768440.531322051,6271845.75509293,0.281964465975761,66,910.105614476686
4,768443.12103992,6271850.03216686,0.280343323945999,67,1255.59459281305
4,768445.710757788,6271854.30924078,0.297358334064484,68,1445.7981405493
4,768448.300475657,6271858.58631471,0.282073587179184,69,1123.64947891248
4,768450.890193525,6271862.86338863,0.292557269334793,70,1001.5582381443
4,768453.479911394,6271867.14046256,0.259116306900978,71,1002.48828780484
4,768456.069629262,6271871.41753648,0.243845760822296,72,1093.4015943049
5,768414.266750415,6271797.08245049,0.243236973881721,73,856.877209271286
5,768416.843508432,6271801.36734467,0.270415380597115,74,1092.86360809259
5,768419.42026645,6271805.65223884,0.283803880214691,75,1193.98886922509
5,768421.997024468,6271809.93713302,0.295542508363724,76,1149.55176220951
5,768424.573782486,6271814.2220272,0.299113556742668,77,1189.95015255048
5,768427.150540503,6271818.50692138,0.286813870072365,78,1185.72100466115
5,768429.727298521,6271822.79181556,0.278909087181091,79,940.19609156883
5,768432.304056539,6271827.07670973,0.2784244120121,80,1018.45229771933
5,768434.880814556,6271831.36160391,0.312947452068329,81,1062.34743964716
5,768437.457572574,6271835.64649809,0.303577870130539,82,701.473821388974
5,768440.034330592,6271839.93139227,0.296278968453407,83,1087.57482733616
5,768442.61108861,6271844.21628645,0.287689059972763,84,1142.55433726296
5,768445.187846627,6271848.50118062,0.278945401310921,85,734.120530762896
5,768447.764604645,6271852.7860748,0.282740265130997,86,996.568803993457
5,768450.341362663,6271857.07096898,0.281768500804901,87,1148.9445267636
5,768452.918120681,6271861.35586316,0.303279191255569,88,900.591179764053
5,768455.494878698,6271865.64075734,0.265459448099136,89,845.66219100354
5,768458.071636716,6271869.92565152,0.277098774909973,90,820.866477532969
6,768416.5295809,6271795.92366618,0.230119436979294,91,817.952023469604
6,768419.104518588,6271800.20965451,0.266803458333015,92,1171.70608124459
6,768421.679456277,6271804.49564283,0.281674236059189,93,1312.87809630062
6,768424.254393966,6271808.78163115,0.319392994046211,94,1169.57824507692
6,768426.829331655,6271813.06761947,0.298749253153801,95,950.868304453125
6,768429.404269344,6271817.35360779,0.302898645401001,96,1251.21783302244
6,768431.979207033,6271821.63959612,0.248582251369953,97,1166.83262958073
6,768434.554144722,6271825.92558444,0.276573732495308,98,492.846489283781
6,768437.129082411,6271830.21157276,0.286335363984108,99,1240.40881822502
6,768439.7040201,6271834.49756108,0.306333392858505,100,909.214407258951
6,768442.278957789,6271838.78354941,0.297059789299965,101,1075.29572818522
6,768444.853895478,6271843.06953773,0.290701240301132,102,1130.13676384526
6,768447.428833167,6271847.35552605,0.298293828964233,103,1324.66861721482
6,768450.003770856,6271851.64151437,0.30796292424202,104,1312.0329593752
6,768452.578708545,6271855.92750269,0.315145626664162,105,1323.65678003239
6,768455.153646234,6271860.21349102,0.292039662599564,106,875.975550964606
6,768457.728583923,6271864.49947934,0.279142498970032,107,791.879816161159
6,768460.303521612,6271868.78546766,0.240736730396748,108,682.36453413081
7,768418.888248388,6271794.93876787,0.236741244792938,109,558.970688815363
7,768421.455581463,6271799.22931573,0.258189469575882,110,592.034873983211
7,768424.022914539,6271803.51986358,0.270778745412827,111,1133.50661383346
7,768426.590247615,6271807.81041143,0.305026829242706,112,1027.96747452693
7,768429.157580691,6271812.10095929,0.282448709011078,113,1118.5692926729
7,768431.724913767,6271816.39150714,0.302997678518295,114,790.205547200048
7,768434.292246843,6271820.68205499,0.315162032842636,115,1199.66594130717
7,768436.859579918,6271824.97260284,0.301080703735352,116,1554.05681833401
7,768439.426912994,6271829.2631507,0.299492627382278,117,1285.98848419663
7,768441.99424607,6271833.55369855,0.312941372394562,118,845.58756377027
7,768444.561579146,6271837.8442464,0.297685205936432,119,1135.21802423334
7,768447.128912222,6271842.13479425,0.312879458069801,120,1160.20558957519
7,768449.696245298,6271846.42534211,0.304543524980545,121,1081.13086450722
7,768452.263578374,6271850.71588996,0.298932135105133,122,924.077896941529
7,768454.830911449,6271855.00643781,0.300801962614059,123,1139.2303823303
7,768457.398244525,6271859.29698567,0.289359971880913,124,878.219831339911
7,768459.965577601,6271863.58753352,0.280635595321655,125,1241.06955572391
7,768462.532910677,6271867.87808137,0.259851932525635,126,1019.17019454529
8,768420.781413728,6271793.55651706,0.259132087230682,127,759.472991056924
8,768423.348204785,6271797.8473892,0.254124015569687,128,1373.00322928755
8,768425.914995843,6271802.13826133,0.297710195183754,129,1216.88006440768
8,768428.481786901,6271806.42913347,0.305026829242706,130,1041.10881991118
8,768431.048577958,6271810.7200056,0.287708640098572,131,1120.52991477995
8,768433.615369016,6271815.01087773,0.304595708847046,132,844.939390555998
8,768436.182160074,6271819.30174987,0.322566702961922,133,1238.67189247558
8,768438.748951132,6271823.592622,0.29474975168705,134,1303.97812654465
8,768441.315742189,6271827.88349413,0.298272132873535,135,962.834869827365
8,768443.882533247,6271832.17436627,0.305102631449699,136,898.217973718475
8,768446.449324305,6271836.4652384,0.297753930091858,137,1173.58946011288
8,768449.016115363,6271840.75611053,0.310790926218033,138,1000.22300505251
8,768451.58290642,6271845.04698267,0.310213327407837,139,869.720193117569
8,768454.149697478,6271849.3378548,0.311490565538406,140,1402.66442764615
8,768456.716488536,6271853.62872693,0.298277258872986,141,1486.01123292284
8,768459.283279593,6271857.91959907,0.309914499521255,142,1218.45438654178
8,768461.850070651,6271862.2104712,0.295206278562546,143,852.615739561776
8,768464.416861709,6271866.50134333,0.268403887748718,144,1124.19774963323
9,768422.922014121,6271792.1955343,0.281971290707588,145,907.389916552266
9,768425.501266517,6271796.47892747,0.265204593539238,146,1126.64191455213
9,768428.080518913,6271800.76232064,0.299346834421158,147,1001.89783321092
9,768430.65977131,6271805.04571382,0.308552831411362,148,1424.47286539375
9,768433.239023706,6271809.32910699,0.31293411552906,149,950.789675168784
9,768435.818276102,6271813.61250016,0.300070613622665,150,988.824065284223
9,768438.397528498,6271817.89589334,0.309757024049759,151,740.351054650507
9,768440.976780895,6271822.17928651,0.263486593961716,152,870.883035326059
9,768443.556033291,6271826.46267968,0.298594251275063,153,1040.31829332931
9,768446.135285687,6271830.74607285,0.299169391393661,154,900.509041279252
9,768448.714538083,6271835.02946603,0.310753166675568,155,938.562314355324
9,768451.293790479,6271839.3128592,0.254013925790787,156,1145.53796319759
9,768453.873042876,6271843.59625237,0.300644636154175,157,1121.11193287051
9,768456.452295272,6271847.87964555,0.317307561635971,158,1188.92411230291
9,768459.031547668,6271852.16303872,0.319055378437042,159,1320.90532070237
9,768461.610800064,6271856.44643189,0.30517241358757,160,1052.36033527551
9,768464.190052461,6271860.72982507,0.277348443865776,161,931.824057144802
9,768466.769304857,6271865.01321824,0.250587821006775,162,603.53864209558
10,768424.997324704,6271790.93521516,0.241745382547379,163,839.346567978525
10,768427.565173886,6271795.22545415,0.263730749487877,164,865.771502288421
10,768430.133023068,6271799.51569313,0.289801582694054,165,807.502321151269
10,768432.70087225,6271803.80593212,0.312063634395599,166,819.745099795161
10,768435.268721432,6271808.09617111,0.312020152807236,167,935.694723322617
10,768437.836570614,6271812.3864101,0.300070613622665,168,1007.09244397318
10,768440.404419796,6271816.67664909,0.285582020878792,169,679.812309562613
10,768442.972268978,6271820.96688808,0.265913069248199,170,709.758293285728
10,768445.54011816,6271825.25712707,0.308348834514618,171,975.705225724569
10,768448.107967342,6271829.54736605,0.29613396525383,172,982.369724889596
10,768450.675816524,6271833.83760504,0.323744162917137,173,914.188372877168
10,768453.243665706,6271838.12784403,0.250542730093002,174,666.78050329229
10,768455.811514888,6271842.41808302,0.307863175868988,175,1120.87378733342
10,768458.37936407,6271846.70832201,0.302268102765083,176,815.642299630004
10,768460.947213252,6271850.998561,0.31604877114296,177,1305.37393765553
10,768463.515062434,6271855.28879998,0.295203804969788,178,1203.31084526407
10,768466.082911615,6271859.57903897,0.272070340812206,179,663.640773619961
10,768468.650760797,6271863.86927796,0.284725606441498,180,1193.93059538496
11,768427.442227533,6271790.04117974,0.265616625547409,181,751.514636608654
11,768430.01114205,6271794.33078092,0.258954808115959,182,1355.9597302445
11,768432.580056567,6271798.62038209,0.308484151959419,183,1113.50337012757
11,768435.148971084,6271802.90998326,0.268379837274551,184,1112.77853147193
11,768437.717885601,6271807.19958443,0.305980056524277,185,1577.20136155478
11,768440.286800118,6271811.4891856,0.342528581619263,186,1011.17770806264
11,768442.855714635,6271815.77878677,0.298929482698441,187,876.043419098163
11,768445.424629152,6271820.06838794,0.339173078536987,188,981.87862101004
11,768447.993543669,6271824.35798911,0.308660432696342,189,952.503560825434
11,768450.562458186,6271828.64759028,0.28615890443325,190,1040.42589928475
11,768453.131372703,6271832.93719145,0.282376885414124,191,1319.85046240879
11,768455.70028722,6271837.22679262,0.293797969818115,192,1031.07679375293
11,768458.269201737,6271841.51639379,0.33070419728756,193,993.127040969733
11,768460.838116254,6271845.80599497,0.30627715587616,194,1210.17353041255
11,768463.407030771,6271850.09559614,0.316499635577202,195,1223.73444381733
11,768465.975945288,6271854.38519731,0.297747671604156,196,1117.74143504216
11,768468.544859805,6271858.67479848,0.287345752120018,197,1577.45744059539
11,768471.113774322,6271862.96439965,0.257273614406586,198,721.560035772893
12,768429.324024717,6271788.43443338,0.269911706447601,199,1029.9897175545
12,768431.893213009,6271792.72387058,0.270608603954315,200,1011.62160573758
12,768434.462401301,6271797.01330778,0.31578703224659,201,1511.09221090827
12,768437.031589593,6271801.30274499,0.285805866122246,202,809.081987349068
12,768439.600777886,6271805.59218219,0.316719517111778,203,1258.7321675456
12,768442.169966178,6271809.88161939,0.337729215621948,204,1310.717708069
12,768444.73915447,6271814.17105659,0.319217905402184,205,1219.08753742714
12,768447.308342763,6271818.4604938,0.313914835453033,206,1521.41794844586
12,768449.877531055,6271822.749931,0.294284209609032,207,1254.17621823596
12,768452.446719347,6271827.0393682,0.308506071567535,208,736.645062732488
12,768455.015907639,6271831.32880541,0.265643894672394,209,1006.77155375949
12,768457.585095932,6271835.61824261,0.305944517254829,210,1063.76055922879
12,768460.154284224,6271839.90767981,0.312491118907928,211,955.618094833501
12,768462.723472516,6271844.19711702,0.308910682797432,212,1095.55625543784
12,768465.292660808,6271848.48655422,0.320287883281708,213,1017.69406005617
12,768467.861849101,6271852.77599142,0.293883711099625,214,942.17595686
12,768470.431037393,6271857.06542863,0.283648699522018,215,1144.15723068913
12,768473.000225685,6271861.35486583,0.248093858361244,216,996.872520762717
13,768431.635234416,6271787.29154,0.19980788230896,217,885.266336726618
13,768434.192812211,6271791.58791007,0.261085838079453,218,660.274735762217
13,768436.750390005,6271795.88428015,0.290668457746506,219,1320.34782691283
13,768439.307967799,6271800.18065022,0.313876867294312,220,902.015368715403
13,768441.865545594,6271804.4770203,0.30349962413311,221,1149.49254652699
13,768444.423123388,6271808.77339037,0.306832268834114,222,1203.34524018114
13,768446.980701182,6271813.06976045,0.361394241452217,223,1265.16589952444
13,768449.538278977,6271817.36613052,0.30738952755928,224,1092.66479393804
13,768452.095856771,6271821.6625006,0.273243874311447,225,694.960171538175
13,768454.653434565,6271825.95887067,0.291612863540649,226,750.564281208365
13,768457.211012359,6271830.25524075,0.270632594823837,227,1344.33425580227
13,768459.768590154,6271834.55161083,0.279548078775406,228,872.278000855565
13,768462.326167948,6271838.8479809,0.27490758895874,229,898.233274739747
13,768464.883745742,6271843.14435098,0.289817154407501,230,811.756415594032
13,768467.441323537,6271847.44072105,0.310632824897766,231,916.071322469435
13,768469.998901331,6271851.73709113,0.281079545617104,232,757.049074377434
13,768472.556479125,6271856.0334612,0.258413136005402,233,1003.83947002594
13,768475.11405692,6271860.32983128,0.21483425796032,234,490.32102796009
14,768433.692505597,6271786.0515007,0.271936804056168,235,758.305091566135
14,768436.274317956,6271790.33335135,0.275250017642975,236,802.904596571341
14,768438.856130316,6271794.61520199,0.292536899447441,237,1017.96258194082
14,768441.437942675,6271798.89705264,0.316618204116821,238,1174.31255629398
14,768444.019755034,6271803.17890328,0.327659085392952,239,1181.77471090912
14,768446.601567393,6271807.46075393,0.32325179874897,240,1171.00980823578
14,768449.183379752,6271811.74260457,0.345284000039101,241,1227.61551317576
14,768451.765192112,6271816.02445521,0.332964882254601,242,620.972262856008
14,768454.347004471,6271820.30630586,0.302078172564507,243,1078.33907043456
14,768456.92881683,6271824.5881565,0.284236490726471,244,1194.21058490917
14,768459.510629189,6271828.87000715,0.308463096618652,245,898.752163650015
14,768462.092441548,6271833.15185779,0.302746787667274,246,778.752385579919
14,768464.674253908,6271837.43370844,0.293161705136299,247,1205.16738430746
14,768467.256066267,6271841.71555908,0.294577524065971,248,1217.48930458736
14,768469.837878626,6271845.99740973,0.324313506484032,249,1564.94054897694
14,768472.419690985,6271850.27926037,0.288849279284477,250,1362.20938710511
14,768475.001503344,6271854.56111102,0.278230607509613,251,957.526871956303
14,768477.583315703,6271858.84296166,0.21483425796032,252,331.375018607498
15,768435.70186187,6271784.52801583,0.280637264251709,253,787.079341129512
15,768438.269426572,6271788.81842508,0.275250017642975,254,1347.01946715373
15,768440.836991274,6271793.10883432,0.292654275894165,255,1174.30852542387
15,768443.404555976,6271797.39924357,0.315143421292305,256,966.156849171681
15,768445.972120678,6271801.68965282,0.3342065513134,257,1427.33792431588
15,768448.53968538,6271805.98006206,0.333414763212204,258,1575.20260375906
15,768451.107250083,6271810.27047131,0.334770426154137,259,989.419836585084
15,768453.674814785,6271814.56088055,0.324531599879265,260,1074.08721763591
15,768456.242379487,6271818.8512898,0.307154059410095,261,1021.87773457156
15,768458.809944189,6271823.14169905,0.287682771682739,262,1452.16676425785
15,768461.377508891,6271827.43210829,0.306000038981438,263,1001.51490438639
15,768463.945073594,6271831.72251754,0.329527601599693,264,1183.78554390885
15,768466.512638296,6271836.01292679,0.306965976953506,265,937.383315182298
15,768469.080202998,6271840.30333603,0.326370850205421,266,852.687379194884
15,768471.6477677,6271844.59374528,0.33209303021431,267,1225.33060544636
15,768474.215332402,6271848.88415452,0.287300527095795,268,890.758505389794
15,768476.782897105,6271853.17456377,0.279697820544243,269,518.336067321207
15,768479.350461807,6271857.46497302,0.251409202814102,270,747.124089614653
16,768438.335868777,6271783.07853379,0.229958772659302,271,517.744560459005
16,768440.872908498,6271787.38706364,0.264234244823456,272,712.779007853924
16,768443.409948218,6271791.69559349,0.283323124051094,273,805.5103846094
16,768445.946987939,6271796.00412334,0.288085266947746,274,868.173788162092
16,768448.48402766,6271800.31265319,0.330906987190247,275,804.583401284257
16,768451.02106738,6271804.62118304,0.329839691519737,276,1255.57983806879
16,768453.558107101,6271808.92971288,0.343054413795471,277,926.124567619999
16,768456.095146821,6271813.23824273,0.297963753342628,278,1359.58961610403
16,768458.632186542,6271817.54677258,0.306336522102356,279,1349.17970810092
16,768461.169226262,6271821.85530243,0.289608225226402,280,764.780324201071
16,768463.706265983,6271826.16383228,0.293000489473343,281,1166.41968422205
16,768466.243305703,6271830.47236213,0.31151357293129,282,1087.40245317213
16,768468.780345424,6271834.78089198,0.306305974721909,283,1153.25735923776
16,768471.317385144,6271839.08942182,0.31762906908989,284,775.273767543465
16,768473.854424865,6271843.39795167,0.328842848539352,285,788.984348270007
16,768476.391464585,6271847.70648152,0.257074922323227,286,1177.32339949267
16,768478.928504306,6271852.01501137,0.262273758649826,287,1166.2699607006
16,768481.465544026,6271856.32354122,0.22828558832407,288,750.393894728182
17,768440.114883343,6271781.8154624,0.30748039484024,289,600.682558228129
17,768442.685728067,6271786.10390704,0.271212488412857,290,1062.90487830967
17,768445.256572791,6271790.39235168,0.282948926091194,291,1197.86806176306
17,768447.827417514,6271794.68079631,0.317949995398521,292,690.113952932381
17,768450.398262238,6271798.96924095,0.33008074760437,293,943.62797175046
17,768452.969106962,6271803.25768559,0.324730768799782,294,1106.3877344023
17,768455.539951685,6271807.54613023,0.313103720545769,295,1107.52091743268
17,768458.110796409,6271811.83457486,0.307315617799759,296,972.059384113124
17,768460.681641132,6271816.1230195,0.298713684082031,297,925.785528495765
17,768463.252485856,6271820.41146414,0.315094232559204,298,890.392831330122
17,768465.82333058,6271824.69990877,0.305967643857002,299,1489.31102436072
17,768468.394175303,6271828.98835341,0.29101637005806,300,742.422661029683
17,768470.965020027,6271833.27679805,0.297990277409554,301,1152.82747409553
17,768473.535864751,6271837.56524269,0.274594619870186,302,1227.80060747668
17,768476.106709474,6271841.85368732,0.28996667265892,303,1171.37739737837
17,768478.677554198,6271846.14213196,0.275320515036583,304,1178.17362789847
17,768481.248398921,6271850.4305766,0.260909244418144,305,1101.87603695632
17,768483.819243645,6271854.71902123,0.252307802438736,306,1095.11830634408
18,768444.879779675,6271784.70311861,0.27212356030941,307,1020.8380993501
18,768447.423786869,6271789.00753813,0.273023352026939,308,435.474253919233
18,768449.967794062,6271793.31195765,0.327856868505478,309,1307.79747886732
18,768452.511801256,6271797.61637717,0.307855114340782,310,1234.08176359986
18,768455.055808449,6271801.92079669,0.322664350271225,311,827.480854488228
18,768457.599815643,6271806.22521621,0.31682176887989,312,1419.67065932971
18,768460.143822836,6271810.52963573,0.325019583106041,313,1064.14261245734
18,768462.687830029,6271814.83405525,0.298121079802513,314,1219.06357131081
18,768465.231837223,6271819.13847477,0.282132253050804,315,1239.8468122469
18,768467.775844416,6271823.44289429,0.300733998417854,316,792.615436477723
18,768470.31985161,6271827.74731381,0.294375151395798,317,1132.9140131758
18,768472.863858803,6271832.05173333,0.309941321611404,318,1024.18777022834
18,768475.407865996,6271836.35615285,0.311013728380203,319,803.465883873974
18,768477.95187319,6271840.66057237,0.30873017013073,320,1478.89264915264
18,768480.495880383,6271844.96499189,0.276065990328789,321,1226.29173063557
18,768483.039887577,6271849.26941141,0.280463546514511,322,1035.93252394646
18,768485.58389477,6271853.57383092,0.260970577597618,323,186.231954644411
19,768444.551647246,6271779.63133009,0.285739824175835,324,867.007307759091
19,768447.120572698,6271783.92092471,0.27466781437397,325,924.025124416339
19,768449.689498151,6271788.21051934,0.274258837103844,326,694.049715350867
19,768452.258423603,6271792.50011396,0.30656673014164,327,1020.16576812782
19,768454.827349056,6271796.78970858,0.306981399655342,328,1057.62496631389
19,768457.396274508,6271801.0793032,0.329321712255478,329,1188.5582237923
19,768459.965199961,6271805.36889782,0.350436642765999,330,1380.5113714186
19,768462.534125413,6271809.65849244,0.328554391860962,331,715.073562457387
19,768465.103050865,6271813.94808707,0.313529461622238,332,1064.02766307096
19,768467.671976318,6271818.23768169,0.269009500741959,333,988.022987225448
19,768470.24090177,6271822.52727631,0.274407029151917,334,529.873853831572
19,768472.809827223,6271826.81687093,0.312408730387688,335,899.940543444979
19,768475.378752675,6271831.10646555,0.310600146651268,336,1741.22560268195
19,768477.947678128,6271835.39606018,0.321075335144997,337,774.227223427364
19,768480.51660358,6271839.6856548,0.309135988354683,338,860.012365510954
19,768483.085529033,6271843.97524942,0.28276564180851,339,600.022927983672
19,768485.654454485,6271848.26484404,0.277342036366463,340,966.478399857782
19,768488.223379938,6271852.55443866,0.25678676366806,341,897.149650467674
20,768449.156558413,6271782.36433211,0.286059767007828,342,1032.50512530083
20,768451.730739805,6271786.6507747,0.283486425876617,343,1068.86684172355
20,768454.304921197,6271790.9372173,0.282220542430878,344,889.935625365385
20,768456.879102589,6271795.2236599,0.317436635494232,345,1348.60075971322
20,768459.453283982,6271799.5101025,0.315874204039574,346,1229.76080415939
20,768462.027465374,6271803.7965451,0.308722347021103,347,1274.27765709818
20,768464.601646766,6271808.0829877,0.32262060046196,348,1257.79064405863
20,768467.175828158,6271812.3694303,0.311987996101379,349,825.948921530362
20,768469.750009551,6271816.6558729,0.30959814786911,350,1065.01307524192
20,768472.324190943,6271820.9423155,0.310514628887177,351,1157.67062151593
20,768474.898372335,6271825.2287581,0.297230765223503,352,834.532373222292
20,768477.472553727,6271829.5152007,0.314495772123337,353,931.913841889441
20,768480.04673512,6271833.8016433,0.302388176321983,354,801.973870940296
20,768482.620916512,6271838.0880859,0.306488767266273,355,1397.19269330541
20,768485.195097904,6271842.3745285,0.29481315612793,356,1294.71033975202
20,768487.769279296,6271846.6609711,0.284751772880554,357,1063.46596104201
20,768490.343460689,6271850.9474137,0.294668555259705,358,782.285673702405
21,768451.221632595,6271781.36860951,0.282228976488113,359,853.914342241386
21,768453.798861695,6271785.65322036,0.282818421721458,360,1408.5451561023
21,768456.376090795,6271789.93783122,0.31210395693779,361,1178.38285691823
21,768458.953319895,6271794.22244207,0.306807219982147,362,1208.29384112016
21,768461.530548996,6271798.50705292,0.30511873960495,363,1210.39971498061
21,768464.107778096,6271802.79166378,0.310314804315567,364,1201.89383932562
21,768466.685007196,6271807.07627463,0.307764440774918,365,1074.25194338381
21,768469.262236296,6271811.36088548,0.298704475164413,366,989.997869371073
21,768471.839465396,6271815.64549634,0.310944080352783,367,928.035822054762
21,768474.416694496,6271819.93010719,0.270870685577393,368,937.407771139405
21,768476.993923596,6271824.21471804,0.29880265891552,369,1299.48157098355
21,768479.571152696,6271828.4993289,0.274769589304924,370,1033.62073599351
21,768482.148381797,6271832.78393975,0.298505187034607,371,853.661536618152
21,768484.725610897,6271837.0685506,0.31117470562458,372,915.569898274845
21,768487.302839997,6271841.35316146,0.29833510518074,373,1190.37712074632
21,768489.880069097,6271845.63777231,0.273916974663734,374,1029.4902787184
21,768492.457298197,6271849.92238316,0.296545624732971,375,813.418528873482
22,768453.626457938,6271779.5911135,0.302224189043045,376,838.776064931213
22,768456.185890623,6271783.88637884,0.308884650468826,377,1324.58020154517
22,768458.745323308,6271788.18164418,0.303317874670029,378,1308.57880518729
22,768461.304755993,6271792.47690952,0.297558024525642,379,837.118647323966
22,768463.864188678,6271796.77217486,0.298264294862747,380,1119.68446620679
22,768466.423621363,6271801.0674402,0.320862859487534,381,1136.01341636807
22,768468.983054047,6271805.36270554,0.30732735991478,382,949.54126615661
22,768471.542486732,6271809.65797088,0.275856360793114,383,1159.55523119733
22,768474.101919417,6271813.95323622,0.277356892824173,384,1108.5907713053
22,768476.661352102,6271818.24850156,0.274309977889061,385,1136.9498623637
22,768479.220784787,6271822.54376689,0.321345150470734,386,1283.63982357822
22,768481.780217471,6271826.83903223,0.295705035328865,387,979.985614180015
22,768484.339650156,6271831.13429757,0.28648616373539,388,1223.69069558507
22,768486.899082841,6271835.42956291,0.302329838275909,389,1324.14785314663
22,768489.458515526,6271839.72482825,0.294978380203247,390,1103.1878850073
22,768492.017948211,6271844.02009359,0.267026260495186,391,1139.70135933337
22,768494.577380895,6271848.31535893,0.281540840864182,392,840.264579668494
23,768455.395030081,6271778.23888099,0.318260744214058,393,1264.57570924616
23,768457.969053493,6271782.52541846,0.281509518623352,394,1151.09818455512
23,768460.543076904,6271786.81195593,0.298683911561966,395,1153.32298234399
23,768463.117100316,6271791.0984934,0.313328862190247,396,1033.78292833985
23,768465.691123727,6271795.38503087,0.292192578315735,397,783.898086543243
23,768468.265147138,6271799.67156834,0.312900513410568,398,1307.93915142637
23,768470.83917055,6271803.9581058,0.309021860361099,399,1135.36598335992
23,768473.413193961,6271808.24464327,0.290607213973999,400,897.520640116418
23,768475.987217372,6271812.53118074,0.288661926984787,401,1255.51235009852
23,768478.561240784,6271816.81771821,0.294342413544655,402,1242.27001024523
23,768481.135264195,6271821.10425568,0.305114835500717,403,1319.31150097976
23,768483.709287606,6271825.39079315,0.295933648943901,404,1414.82001083355
23,768486.283311018,6271829.67733062,0.314606055617332,405,985.06786862541
23,768488.857334429,6271833.96386809,0.307257741689682,406,866.457418526716
23,768491.43135784,6271838.25040556,0.314745992422104,407,988.056296545585
23,768494.005381252,6271842.53694303,0.274393349885941,408,684.33824771206
23,768496.579404663,6271846.8234805,0.265460088849068,409,691.254697764449
24,768457.645248231,6271777.08770977,0.322751462459564,410,1278.14434255982
24,768460.218126755,6271781.37493452,0.27402837574482,411,1152.68209204757
24,768462.791005279,6271785.66215928,0.300736501812935,412,808.292877759872
24,768465.363883802,6271789.94938403,0.330186903476715,413,1039.68253085783
24,768467.936762326,6271794.23660879,0.305906474590302,414,1328.69774257296
24,768470.50964085,6271798.52383354,0.312442794442177,415,1261.30041094157
24,768473.082519374,6271802.8110583,0.299964338541031,416,1267.06417019605
24,768475.655397897,6271807.09828306,0.308392882347107,417,1016.37392221673
24,768478.228276421,6271811.38550781,0.310932621359825,418,709.660022444936
24,768480.801154945,6271815.67273257,0.304526209831238,419,879.662105833575
24,768483.374033469,6271819.95995732,0.277960360050201,420,1063.4775238108
24,768485.946911993,6271824.24718208,0.300035759806633,421,700.191080413297
24,768488.519790516,6271828.53440683,0.321433156728745,422,701.484484357859
24,768491.09266904,6271832.82163159,0.307257741689682,423,694.796193156144
24,768493.665547564,6271837.10885634,0.310160279273987,424,1439.86405093192
24,768496.238426088,6271841.3960811,0.289627149701118,425,1096.95324242147
24,768498.811304612,6271845.68330585,0.267021417617798,426,782.606698771918
25,768459.945583781,6271775.86219612,0.301366165280342,427,944.330043727095
25,768462.521563888,6271780.14755801,0.285836607217789,428,989.120197712473
25,768465.097543995,6271784.43291989,0.299820810556412,429,869.540437941254
25,768467.673524101,6271788.71828178,0.308667048811913,430,779.824325537161
25,768470.249504208,6271793.00364366,0.259134352207184,431,768.844176032166
25,768472.825484315,6271797.28900555,0.282885834574699,432,964.022939896901
25,768475.401464421,6271801.57436744,0.307019308209419,433,808.874775101659
25,768477.977444528,6271805.85972932,0.301000356674194,434,1170.90853115609
25,768480.553424635,6271810.14509121,0.295887053012848,435,923.282716724099
25,768483.129404741,6271814.43045309,0.299130737781525,436,1294.32619979037
25,768485.705384848,6271818.71581498,0.294405892491341,437,1147.90135168562
25,768488.281364955,6271823.00117686,0.306331813335419,438,1292.42139687577
25,768490.857345061,6271827.28653875,0.272660151124001,439,846.344338743319
25,768493.433325168,6271831.57190064,0.310775816440582,440,1113.86961174977
25,768496.009305275,6271835.85726252,0.259613022208214,441,528.688753136118
25,768498.585285381,6271840.14262441,0.301369592547417,442,1067.34085787327
25,768501.161265488,6271844.42798629,0.26025378704071,443,790.951537681305
26,768461.920943014,6271774.70644651,0.293771803379059,444,943.687081810954
26,768464.483676172,6271778.99974347,0.286041393876076,445,1210.07061423712
26,768467.046409331,6271783.29304042,0.312133312225342,446,1365.51438224369
26,768469.609142489,6271787.58633738,0.293877616524696,447,1099.61425309926
26,768472.171875647,6271791.87963434,0.280631378293037,448,984.729304161046
26,768474.734608806,6271796.17293129,0.292390778660774,449,934.260878077134
26,768477.297341964,6271800.46622825,0.304218530654907,450,1336.09485558378
26,768479.860075122,6271804.75952521,0.297494769096375,451,1066.08017799827
26,768482.42280828,6271809.05282216,0.2954972833395,452,675.746420732026
26,768484.985541438,6271813.34611912,0.296534210443497,453,1339.08155172584
26,768487.548274597,6271817.63941608,0.305846258997917,454,1125.78755841077
26,768490.111007755,6271821.93271303,0.306862458586693,455,820.174744794635
26,768492.673740913,6271826.22600999,0.285642012953758,456,831.399208048631
26,768495.236474072,6271830.51930695,0.299276024103165,457,954.193442330617
26,768497.79920723,6271834.8126039,0.300326287746429,458,1233.67212576559
26,768500.361940388,6271839.10590086,0.280603557825089,459,1271.65683756771
26,768502.924673546,6271843.39919782,0.270479589700699,460,913.459288217727
27,768464.202068245,6271773.6079165,0.29300531744957,461,1298.22901869217
27,768466.769025667,6271777.89868911,0.287782371044159,462,947.883486487148
27,768469.335983088,6271782.18946172,0.301801607012749,463,1232.46252283379
27,768471.902940509,6271786.48023433,0.30446170270443,464,1012.47513029693
27,768474.469897931,6271790.77100694,0.298406675457954,465,882.349051590457
27,768477.036855352,6271795.06177955,0.28779724240303,466,1024.56435415015
27,768479.603812773,6271799.35255216,0.289728313684464,467,1074.30588227945
27,768482.170770195,6271803.64332477,0.290098056197166,468,1116.50077831541
27,768484.737727616,6271807.93409739,0.318796694278717,469,1218.33475436622
27,768487.304685038,6271812.22487,0.290127888321877,470,866.873729733727
27,768489.871642459,6271816.51564261,0.294489398598671,471,649.913657471914
27,768492.43859988,6271820.80641522,0.312354639172554,472,1109.94750984338
27,768495.005557302,6271825.09718783,0.310845658183098,473,1333.96914881884
27,768497.572514723,6271829.38796044,0.295794144272804,474,928.905410834509
27,768500.139472145,6271833.67873305,0.29904942214489,475,1093.59552363734
27,768502.706429566,6271837.96950566,0.231038317084312,476,683.575568454105
27,768505.273386987,6271842.26027827,0.278408050537109,477,919.875387711203
28,768466.567892055,6271772.15649315,0.299324810504913,478,619.718674060859
28,768469.126635575,6271776.45216907,0.288576453924179,479,1204.22553058705
28,768471.685379095,6271780.74784499,0.295728027820587,480,960.759538862801
28,768474.244122616,6271785.04352091,0.311564862728119,481,891.344666781833
28,768476.802866136,6271789.33919683,0.267844021320343,482,577.859278005325
28,768479.361609657,6271793.63487275,0.300359964370728,483,700.16957217607
28,768481.920353177,6271797.93054867,0.285011112689972,484,875.962669652691
28,768484.479096698,6271802.22622458,0.304927095770836,485,875.334509937523
28,768487.037840218,6271806.5219005,0.324002400040627,486,1454.4781312607
28,768489.596583738,6271810.81757642,0.284338817000389,487,1200.39721704103
28,768492.155327259,6271815.11325234,0.290764093399048,488,1413.05616098187
28,768494.714070779,6271819.40892826,0.301284864544868,489,1242.18866341635
28,768497.2728143,6271823.70460418,0.306432098150253,490,740.846711803723
28,768499.83155782,6271828.00028009,0.313294515013695,491,575.123186688443
28,768502.39030134,6271832.29595601,0.291427001357079,492,1229.70340405428
28,768504.949044861,6271836.59163193,0.273524582386017,493,1009.38273772163
28,768507.507788381,6271840.88730785,0.274901270866394,494,1160.46742785457
29,768468.723766234,6271771.39155092,0.262479856610298,495,999.583959794266
29,768471.309085642,6271775.67128497,0.269015088677406,496,1024.0459603771
29,768473.894405051,6271779.95101902,0.300837814807892,497,992.040686680706
29,768476.47972446,6271784.23075307,0.332029208540916,498,1239.50205192118
29,768479.065043869,6271788.51048712,0.289817005395889,499,1061.76878865362
29,768481.650363278,6271792.79022118,0.307832583785057,500,1246.4885911217
29,768484.235682687,6271797.06995523,0.314129948616028,501,1302.65714011277
29,768486.821002096,6271801.34968928,0.315629914402962,502,687.328894445043
29,768489.406321505,6271805.62942333,0.304582104086876,503,1290.27966858966
29,768491.991640913,6271809.90915738,0.295249283313751,504,872.970423211485
29,768494.576960322,6271814.18889143,0.300538092851639,505,676.642085569451
29,768497.162279731,6271818.46862549,0.285666406154633,506,771.29161580266
29,768499.74759914,6271822.74835954,0.29772974550724,507,1089.37280310583
29,768502.332918549,6271827.02809359,0.314732909202576,508,1188.52523367276
29,768504.918237958,6271831.30782764,0.31851427257061,509,1110.33263146901
29,768507.503557366,6271835.58756169,0.279723346233368,510,981.557905432377
29,768510.088876775,6271839.86729574,0.266004711389542,511,1294.91641214932
30,768470.376054183,6271769.36122762,0.255300246179104,512,524.307068528028
30,768472.954341973,6271773.64520149,0.275332659482956,513,1101.7290507867
30,768475.532629764,6271777.92917535,0.318834573030472,514,932.163123132779
30,768478.110917554,6271782.21314922,0.316907614469528,515,1026.48697251888
30,768480.689205345,6271786.49712308,0.312659069895744,516,850.040604926625
30,768483.267493135,6271790.78109694,0.310124769806862,517,788.4218828881
30,768485.845780926,6271795.06507081,0.310388177633286,518,851.56885845769
30,768488.424068716,6271799.34904467,0.325248211622238,519,901.601472016257
30,768491.002356507,6271803.63301854,0.284163728356361,520,1001.29423050409
30,768493.580644297,6271807.9169924,0.294005766510963,521,620.383714567785
30,768496.158932088,6271812.20096627,0.3183753490448,522,1298.70941059355
30,768498.737219878,6271816.48494013,0.308565497398376,523,773.387158414421
30,768501.315507669,6271820.76891399,0.299366965889931,524,1037.74722806182
30,768503.893795459,6271825.05288786,0.301855981349945,525,1255.11685456707
30,768506.47208325,6271829.33686172,0.301333978772163,526,1527.35407894027
30,768509.05037104,6271833.62083559,0.259072028100491,527,741.774437444171
30,768511.628658831,6271837.90480945,0.248201161623001,528,1012.64931380357
31,768472.796828786,6271768.38372138,0.315419062972069,529,1401.30070639035
31,768475.355777338,6271772.67927516,0.284536615014076,530,1585.28687109399
31,768477.914725891,6271776.97482895,0.319276124238968,531,960.564128578426
31,768480.473674443,6271781.27038273,0.317278519272804,532,782.212661277145
31,768483.032622996,6271785.56593651,0.309894651174545,533,809.765046726148
31,768485.591571548,6271789.8614903,0.322033360600471,534,1129.09632113148
31,768488.150520101,6271794.15704408,0.29926572740078,535,1518.77777694333
31,768490.709468654,6271798.45259786,0.283657670021057,536,580.370559360147
31,768493.268417206,6271802.74815165,0.292789712548256,537,874.189388078323
31,768495.827365759,6271807.04370543,0.273213237524033,538,750.959803293959
31,768498.386314311,6271811.33925921,0.295148015022278,539,1404.33992334901
31,768500.945262864,6271815.634813,0.298261389136314,540,1119.41847084282
31,768503.504211416,6271819.93036678,0.291840761899948,541,576.641370307701
31,768506.063159969,6271824.22592056,0.325889691710472,542,1363.82116611591
31,768508.622108521,6271828.52147435,0.276213824748993,543,1004.79105622884
31,768511.181057074,6271832.81702813,0.237241670489311,544,850.630920001485
31,768513.740005626,6271837.11258191,0.262130960822105,545,639.718056342173
32,768475.122881991,6271767.37396572,0.312466621398926,546,1073.56089818343
32,768477.683168994,6271771.66872188,0.285633027553558,547,1521.12996243294
32,768480.243455998,6271775.96347804,0.314445942640305,548,1160.65189900872
32,768482.803743001,6271780.2582342,0.318945229053497,549,1313.84968651081
32,768485.364030005,6271784.55299036,0.311730772256851,550,1258.8689882732
32,768487.924317008,6271788.84774652,0.322306096553802,551,1045.71223116989
32,768490.484604012,6271793.14250267,0.30801497399807,552,1173.02974808793
32,768493.044891015,6271797.43725883,0.285934820771217,553,1146.97782835629
32,768495.605178019,6271801.73201499,0.305199980735779,554,936.849554367562
32,768498.165465022,6271806.02677115,0.26915916800499,555,831.550061807394
32,768500.725752026,6271810.32152731,0.276498362421989,556,1006.53246893278
32,768503.286039029,6271814.61628347,0.291321471333504,557,1233.6189902386
32,768505.846326033,6271818.91103962,0.287740856409073,558,855.599746132936
32,768508.406613036,6271823.20579578,0.28493720293045,559,1058.75999654772
32,768510.96690004,6271827.50055194,0.298654466867447,560,832.031846280488
32,768513.527187043,6271831.7953081,0.267525345087051,561,786.937935136259
32,768516.087474047,6271836.09006426,0.281701594591141,562,620.323002085596
33,768479.575049918,6271769.63826373,0.292569607496262,563,935.759538079418
33,768482.127438687,6271773.93771853,0.310282111167908,564,1200.4942686012
33,768484.679827456,6271778.23717333,0.30315113067627,565,1165.00620682637
33,768487.232216224,6271782.53662813,0.312167018651962,566,1202.1873064112
33,768489.784604993,6271786.83608293,0.319899275898933,567,1040.25824668459
33,768492.336993762,6271791.13553773,0.315599888563156,568,1126.23747628434
33,768494.88938253,6271795.43499253,0.306939870119095,569,565.991221695928
33,768497.441771299,6271799.73444733,0.301739349961281,570,1029.39668307655
33,768499.994160067,6271804.03390213,0.282020524144173,571,698.812315068366
33,768502.546548836,6271808.33335693,0.304000079631805,572,1122.40728844047
33,768505.098937605,6271812.63281173,0.304633185267448,573,1412.29694970357
33,768507.651326373,6271816.93226653,0.305348992347717,574,820.764635325701
33,768510.203715142,6271821.23172133,0.288916885852814,575,1298.36996534072
33,768512.756103911,6271825.53117613,0.292337208986282,576,1026.50101978637
33,768515.308492679,6271829.83063093,0.270722523331642,577,1219.18829581957
33,768517.860881448,6271834.13008573,0.277820855379105,578,847.323589759623
34,768481.510646823,6271767.95456464,0.324072688817978,579,1361.73827716145
34,768484.067631293,6271772.25128786,0.283094421029091,580,1155.54715652185
34,768486.624615763,6271776.54801108,0.292940735816956,581,745.382142527817
34,768489.181600233,6271780.8447343,0.312790259718895,582,839.821391171901
34,768491.738584703,6271785.14145752,0.315897822380066,583,1039.01062403431
34,768494.295569173,6271789.43818074,0.310023635625839,584,1128.77364765404
34,768496.852553642,6271793.73490396,0.306661367416382,585,926.69886060963
34,768499.409538112,6271798.03162718,0.29124903678894,586,1033.41644401648
34,768501.966522582,6271802.3283504,0.28418156504631,587,1028.81282681723
34,768504.523507052,6271806.62507362,0.312985152006149,588,868.794578327966
34,768507.080491522,6271810.92179684,0.299424976110458,589,807.614831718871
34,768509.637475992,6271815.21852005,0.32680469751358,590,1297.14995055104
34,768512.194460462,6271819.51524327,0.314862370491028,591,1417.42669914115
34,768514.751444931,6271823.81196649,0.2928586602211,592,872.964077348788
34,768517.308429401,6271828.10868971,0.278670087456703,593,1179.7522590234
34,768519.865413871,6271832.40541293,0.251694113016129,594,845.783649770679
35,768486.410187509,6271771.30263193,0.28420290350914,595,775.443517361385
35,768488.975866713,6271775.59416897,0.310661301016808,596,952.986096740994
35,768491.541545916,6271779.88570602,0.33138220012188,597,1456.00408786246
35,768494.10722512,6271784.17724307,0.323613971471786,598,1680.65894986802
35,768496.672904324,6271788.46878011,0.297676652669907,599,792.768551362889
35,768499.238583528,6271792.76031716,0.296052530407906,600,1018.38194607181
35,768501.804262732,6271797.05185421,0.299694687128067,601,1028.13266469216
35,768504.369941936,6271801.34339125,0.281966984272003,602,626.446508524882
35,768506.93562114,6271805.6349283,0.31468740105629,603,1107.70867318184
35,768509.501300344,6271809.92646535,0.303802981972694,604,1242.05486496922
35,768512.066979548,6271814.21800239,0.302003726363182,605,1123.33990104681
35,768514.632658752,6271818.50953944,0.307819306850433,606,737.680285043069
35,768517.198337956,6271822.80107649,0.293702676892281,607,887.746256338216
35,768519.764017159,6271827.09261353,0.268893718719482,608,678.95947252019
35,768522.329696363,6271831.38415058,0.260166823863983,609,1020.64292721246
36,768488.676170634,6271769.9107998,0.301114067435265,610,1200.03620142709
36,768491.239594536,6271774.20368437,0.277902409434319,611,1029.79309723121
36,768493.803018439,6271778.49656893,0.314994588494301,612,1326.88823816642
36,768496.366442342,6271782.7894535,0.298769876360893,613,1125.51018396812
36,768498.929866244,6271787.08233807,0.294441878795624,614,944.697033555264
36,768501.493290147,6271791.37522263,0.299896746873856,615,1293.20585299616
36,768504.05671405,6271795.6681072,0.299885138869286,616,1169.03417359591
36,768506.620137952,6271799.96099176,0.309935331344604,617,1170.50516493786
36,768509.183561855,6271804.25387633,0.276729494333267,618,958.718740633936
36,768511.746985757,6271808.5467609,0.313216209411621,619,776.627442492271
36,768514.31040966,6271812.83964546,0.302915886044502,620,1211.95423938178
36,768516.873833563,6271817.13253003,0.300925105810165,621,1224.84941588405
36,768519.437257465,6271821.42541459,0.309682726860046,622,949.002515291116
36,768522.000681368,6271825.71829916,0.265384808182716,623,878.915290732172
36,768524.56410527,6271830.01118372,0.27984781563282,624,1058.49775516525
37,768490.85459289,6271768.77658367,0.28835891187191,625,1185.14666334523
37,768493.405060819,6271773.0771782,0.283419087529182,626,1223.89377549835
37,768495.955528748,6271777.37777274,0.321776911616325,627,1282.49588688913
37,768498.505996678,6271781.67836727,0.294359713792801,628,1306.88837216265
37,768501.056464607,6271785.9789618,0.286035314202309,629,1016.76462446087
37,768503.606932537,6271790.27955634,0.298396408557892,630,1206.2297626008
37,768506.157400466,6271794.58015087,0.287997007369995,631,910.57369003106
37,768508.707868396,6271798.88074541,0.291941165924072,632,903.664038177791
37,768511.258336325,6271803.18133994,0.329384177923203,633,1017.36431309747
37,768513.808804255,6271807.48193447,0.329024121165276,634,1051.01549655408
37,768516.359272184,6271811.78252901,0.323413223028183,635,1276.66978037691
37,768518.909740114,6271816.08312354,0.295149326324463,636,860.519781950904
37,768521.460208043,6271820.38371807,0.308689475059509,637,1242.37917049848
37,768524.010675973,6271824.68431261,0.26459775865078,638,633.826111901902
37,768526.561143902,6271828.98490714,0.231630258262157,639,411.483447764891
38,768492.799271949,6271767.50525038,0.256765156984329,640,1011.78082243951
38,768495.362091321,6271771.79849587,0.304018586874008,641,1246.72502795489
38,768497.924910693,6271776.09174136,0.299315944314003,642,961.139539073971
38,768500.487730065,6271780.38498686,0.328196719288826,643,1324.04050494417
38,768503.050549437,6271784.67823235,0.285193920135498,644,968.08369567286
38,768505.613368809,6271788.97147784,0.298914417624474,645,850.520634910643
38,768508.176188181,6271793.26472334,0.29094460606575,646,807.311377488809
38,768510.739007553,6271797.55796883,0.292574852705002,647,1163.63654928509
38,768513.301826924,6271801.85121433,0.29076737165451,648,680.002643201691
38,768515.864646296,6271806.14445982,0.309207513928413,649,1207.18323518504
38,768518.427465668,6271810.43770531,0.307774901390076,650,1230.79401972537
38,768520.99028504,6271814.73095081,0.31403312087059,651,933.864226310097
38,768523.553104412,6271819.0241963,0.310982495546341,652,1019.61724855209
38,768526.115923784,6271823.31744179,0.271390020847321,653,1098.44715872807
38,768528.678743156,6271827.61068729,0.244918331503868,654,787.746651702482
39,768497.384926141,6271770.52552212,0.262872874736786,655,685.680954492943
39,768499.94595354,6271774.81983681,0.294017240405083,656,951.945380326233
39,768502.506980939,6271779.1141515,0.320025309920311,657,982.577178545058
39,768505.068008338,6271783.40846619,0.286241263151169,658,683.804103784398
39,768507.629035737,6271787.70278088,0.298216268420219,659,1159.40416209073
39,768510.190063136,6271791.99709557,0.289446741342545,660,993.313508601102
39,768512.751090535,6271796.29141026,0.284375637769699,661,493.675697670818
39,768515.312117934,6271800.58572495,0.273557558655739,662,915.099587939582
39,768517.873145333,6271804.88003964,0.319938361644745,663,1332.69868697059
39,768520.434172732,6271809.17435433,0.300856158137321,664,1224.19851696231
39,768522.995200131,6271813.46866902,0.312614947557449,665,1061.75887157471
39,768525.55622753,6271817.76298371,0.315462931990623,666,993.197632838485
39,768528.117254929,6271822.0572984,0.259763941168785,667,1027.56762521384
39,768530.678282328,6271826.3516131,0.281841963529587,668,1332.85716138182
40,768499.986998224,6271769.49301389,0.279788568615913,669,826.678540082819
40,768502.546412236,6271773.78829036,0.298533141613007,670,1231.09259636296
40,768505.105826247,6271778.08356682,0.263429589569569,671,864.40899451356
40,768507.665240259,6271782.37884329,0.288761079311371,672,1105.50793200844
40,768510.224654271,6271786.67411975,0.286786556243896,673,1116.32268303359
40,768512.784068282,6271790.96939622,0.278718292713165,674,983.274526941987
40,768515.343482294,6271795.26467268,0.295126914978027,675,975.929619255929
40,768517.902896306,6271799.55994915,0.284264221787453,676,1260.45623926068
40,768520.462310317,6271803.85522562,0.283054903149605,677,928.778224501511
40,768523.021724329,6271808.15050208,0.30390590429306,678,786.204494999079
40,768525.581138341,6271812.44577855,0.296633750200272,679,779.280166341465
40,768528.140552352,6271816.74105501,0.30607633292675,680,1230.65594155902
40,768530.699966364,6271821.03633148,0.274778574705124,681,1168.03575514789
40,768533.259380376,6271825.33160794,0.237149767577648,682,411.015813882205
41,768504.530215371,6271772.4940339,0.298823893070221,683,638.191422947616
41,768507.100779282,6271776.78264687,0.244830995798111,684,674.544827095821
41,768509.671343193,6271781.07125983,0.289805039763451,685,865.280371408003
41,768512.241907103,6271785.3598728,0.268912434577942,686,1161.07156533087
41,768514.812471014,6271789.64848577,0.268301546573639,687,841.000419679083
41,768517.383034924,6271793.93709873,0.297606378793716,688,809.050765959322
41,768519.953598835,6271798.2257117,0.281020447611809,689,1320.52920954237
41,768522.524162745,6271802.51432467,0.272765636444092,690,767.561913838918
41,768525.094726656,6271806.80293764,0.291700527071953,691,1227.58265585555
41,768527.665290567,6271811.0915506,0.2878807336092,692,900.153133341665
41,768530.235854477,6271815.38016357,0.295717597007751,693,1127.75573299578
41,768532.806418388,6271819.66877654,0.273099452257156,694,1106.83552604949
41,768535.376982298,6271823.9573895,0.267466098070145,695,731.79687036282
42,768506.767998981,6271771.43988251,0.311025962233543,696,947.856808009341
42,768509.318396974,6271775.74051851,0.294940486550331,697,1061.16200471822
42,768511.868794968,6271780.04115452,0.265453040599823,698,562.34161626029
42,768514.419192962,6271784.34179053,0.275708943605423,699,838.774422063803
42,768516.969590956,6271788.64242654,0.280950233340263,700,1163.33215028154
42,768519.51998895,6271792.94306255,0.279331982135773,701,665.753071853456
42,768522.070386943,6271797.24369856,0.280911102890968,702,1042.75148820831
42,768524.620784937,6271801.54433456,0.274553537368774,703,153.747968577838
42,768527.171182931,6271805.84497057,0.286976933479309,704,741.655043494019
42,768529.721580925,6271810.14560658,0.278834074735641,705,1194.02207402444
42,768532.271978918,6271814.44624259,0.280918836593628,706,1436.50022468952
42,768534.822376912,6271818.7468786,0.265762835741043,707,400.002713438199
42,768537.372774906,6271823.0475146,0.267466098070145,708,732.31783576768
43,768511.458004185,6271774.42390738,0.283557891845703,709,1301.98378721592
43,768514.017021078,6271778.71942045,0.246857784688473,710,623.561475565947
43,768516.57603797,6271783.01493352,0.307974934577942,711,1221.33429577897
43,768519.135054863,6271787.3104466,0.281232357025146,712,813.409288299453
43,768521.694071755,6271791.60595967,0.294932261109352,713,831.521014541071
43,768524.253088648,6271795.90147274,0.276869744062424,714,842.682379489554
43,768526.81210554,6271800.19698581,0.275591135025024,715,916.242784396349
43,768529.371122433,6271804.49249888,0.284133642911911,716,821.865187495196
43,768531.930139325,6271808.78801195,0.295229151844978,717,871.237115407432
43,768534.489156218,6271813.08352502,0.268896251916885,718,746.889107726431
43,768537.04817311,6271817.37903809,0.26720529794693,719,888.581309488778
43,768539.607190003,6271821.67455116,0.253538571298122,720,850.452593512825
44,768513.666072315,6271773.06665095,0.285653412342072,721,950.171066533795
44,768516.227484474,6271777.36073615,0.266611322760582,722,718.641812330179
44,768518.788896633,6271781.65482136,0.270494788885117,723,1327.06647750857
44,768521.350308792,6271785.94890657,0.29104220867157,724,956.344796014864
44,768523.911720951,6271790.24299177,0.308303967118263,725,1178.21238433706
44,768526.473133111,6271794.53707698,0.279792338609695,726,1101.16657502479
44,768529.03454527,6271798.83116218,0.286016076803207,727,933.361681906422
44,768531.595957429,6271803.12524739,0.279131576418877,728,549.978927565443
44,768534.157369588,6271807.41933259,0.284205466508865,729,1122.21851056797
44,768536.718781747,6271811.7134178,0.27750001847744,730,949.471633441247
44,768539.280193906,6271816.007503,0.266285926103592,731,940.667280386066
44,768541.841606066,6271820.30158821,0.256117224693298,732,742.581186705993
45,768515.983820777,6271771.45796182,0.290959268808365,733,1075.48920797048
45,768518.527151736,6271775.76278094,0.259305000305176,734,842.298438339036
45,768521.070482695,6271780.06760006,0.267241418361664,735,1154.32267465991
45,768523.613813653,6271784.37241917,0.295711666345596,736,646.66597226651
45,768526.157144612,6271788.67723829,0.295319631695747,737,714.355414097878
45,768528.700475571,6271792.98205741,0.283587485551834,738,1109.50833782477
45,768531.24380653,6271797.28687653,0.271711379289627,739,503.332561522567
45,768533.787137489,6271801.59169564,0.275733232498169,740,853.843967590774
45,768536.330468448,6271805.89651476,0.25532078742981,741,480.052788860015
45,768538.873799407,6271810.20133388,0.288696348667145,742,1068.61249322543
45,768541.417130366,6271814.506153,0.253801256418228,743,757.268685468887
45,768543.960461325,6271818.81097211,0.25673234462738,744,819.166902441419
46,768518.091124702,6271770.66813747,0.307039797306061,745,1365.70307583719
46,768520.634824141,6271774.97273886,0.264414101839066,746,837.011658147519
46,768523.178523581,6271779.27734026,0.279774636030197,747,1082.99350323539
46,768525.72222302,6271783.58194165,0.293531775474548,748,839.471207414138
46,768528.265922459,6271787.88654305,0.274823904037476,749,884.350449224381
46,768530.809621899,6271792.19114444,0.287744104862213,750,862.064268550415
46,768533.353321338,6271796.49574583,0.241495378315449,751,854.062172373562
46,768535.897020778,6271800.80034723,0.258214682340622,752,1306.49423468788
46,768538.440720217,6271805.10494862,0.247889421880245,753,1010.391549715
46,768540.984419657,6271809.40955002,0.277019694447517,754,1151.73133071687
46,768543.528119096,6271813.71415141,0.235547937452793,755,1050.97439977482
46,768546.071818535,6271818.0187528,0.248307779431343,756,709.749997669159
47,768522.379011845,6271772.98499922,0.278195515275002,757,1153.57768022195
47,768524.937440829,6271777.28086248,0.234065636992455,758,745.765382667664
47,768527.495869814,6271781.57672574,0.261542841792107,759,1190.2599677653
47,768530.054298798,6271785.872589,0.260576099157333,760,698.908356963557
47,768532.612727783,6271790.16845225,0.270786374807358,761,1030.92528864113
47,768535.171156767,6271794.46431551,0.241404384374619,762,969.949940691033
47,768537.729585752,6271798.76017877,0.263140112161636,763,804.959027976275
47,768540.288014736,6271803.05604203,0.257159560918808,764,785.705714162606
47,768542.846443721,6271807.35190529,0.262169718742371,765,1008.70598840685
47,768545.404872705,6271811.64776854,0.233965173363686,766,779.480839937253
47,768547.963301689,6271815.9436318,0.222478844225407,767,625.464432420876
48,768524.895782599,6271771.97778206,0.277769520878792,768,1255.69092919754
48,768527.437157694,6271776.28375612,0.247528813779354,769,1130.1271710065
48,768529.97853279,6271780.58973018,0.239819474518299,770,978.958360942966
48,768532.519907886,6271784.89570425,0.28279285132885,771,682.033826416006
48,768535.061282981,6271789.20167831,0.253710448741913,772,1175.96090026926
48,768537.602658077,6271793.50765237,0.233058243989944,773,761.160051665246
48,768540.144033173,6271797.81362643,0.262554973363876,774,1160.62110142749
48,768542.685408268,6271802.11960049,0.263629123568535,775,1261.42116613435
48,768545.226783364,6271806.42557456,0.254287302494049,776,950.732301627881
48,768547.76815846,6271810.73154862,0.23284076154232,777,1277.37844128693
48,768550.309533555,6271815.03752268,0.229775786399841,778,923.248343349704
49,768529.643595631,6271775.08858288,0.247734099626541,779,755.474804647447
49,768532.174823082,6271779.40052996,0.242305874824524,780,980.126199028625
49,768534.706050532,6271783.71247703,0.227467224001884,781,1087.18385451824
49,768537.237277983,6271788.02442411,0.231419861316681,782,593.540820518263
49,768539.768505434,6271792.33637119,0.228207036852837,783,1126.25037014575
49,768542.299732884,6271796.64831826,0.183634795248508,784,711.73017692391
49,768544.830960335,6271800.96026534,0.233104556798935,785,980.598118282001
49,768547.362187786,6271805.27221242,0.223421290516853,786,520.114935704672
49,768549.893415236,6271809.58415949,0.219683319330215,787,1157.85346927847
49,768552.424642687,6271813.89610657,0.207087486982346,788,407.379598229002
50,768533.082665863,6271776.07198046,0.236436173319817,789,590.065812403124
50,768535.621755784,6271780.37930241,0.264196127653122,790,1130.46113725961
50,768538.160845704,6271784.68662435,0.222887113690376,791,992.03573369373
50,768540.699935624,6271788.9939463,0.261916399002075,792,644.578969232346
50,768543.239025544,6271793.30126825,0.214804977178574,793,385.08703913222
50,768545.778115464,6271797.6085902,0.225517846643925,794,627.359417925389
50,768548.317205384,6271801.91591215,0.224541127681732,795,1135.11826348455
50,768550.856295304,6271806.2232341,0.252458840608597,796,785.390461354289
50,768553.395385224,6271810.53055605,0.21661838889122,797,535.276789560741
